Title,Album,Artist,Duration,Index
(The Forgotten People),Radio Retaliation,Thievery Corporation,190000,104
5-20,The Dino Soars,Stegosaurus Rex,243000,6
Above The Clouds,Mickey Mouse Operation,Little People,230000,82
Above and Beyond,Beyond Good &amp; Evil,Christophe Heral,342784,93
After Time,Mrs Cruff,Mr. Scruff,152000,115
Akuda House Propaganda,Beyond Good &amp; Evil,Christophe Heral,160966,90
Alone in Kyoto,Talkie Walkie,Air,291000,5
An Announcement to Answer,An Announcement to Answer,Quantic,293000,114
Ancient Chinese Secrets,Beyond Good &amp; Evil,Christophe Heral,179218,91
Animals,Black Sands,Bonobo,403208,42
Any How,Newcomer,Llorca,340000,129
Arco Arena,Comfort Eagle,Cake,90948,84
Awadama Fever,METAL RESISTANCE,BABYMETAL,253000,14
Ay Ay Ay,Lost &amp; Found,Dzihan &amp; Kamien,403026,0
Basique,Mickey Mouse Operation,Little People,218000,134
Basmati (Featuring Daniela),Gran Riserva,dZihan &amp; Kamien &amp; Daniela,331467,32
Battle Of Life(Gramatik 2012 Remix),Dinner With The Beatz Vol. 1 - 2012 Re-Edits,JK Soul,238000,124
Before Or Since,Deadringer: Deluxe,RJD2,201000,79
Belleza,Loteria de la Cumbia Lounge,Charanga Cakewalk,273832,85
Black Sands,Black Sands,Bonobo,406978,43
Bobo On The Corner,Ill Communication,Beastie Boys,73273,22
Budapest Eskimos,more pLUSH,The Lushlife Project,325000,132
Buscando (Karuan vs. Circus Remix (Digital Bonus Track)),Pop Arif,Madrid De  Los Austrias,355000,118
Busy Child,Vegas,The Crystal Method,445018,110
Champion Nibble,Trouser Jazz,Mr. Scruff,214000,102
Change Down,Dial &#39;M&#39; for Monkey,Bonobo,273000,75
Charanga Cakewalk,Loteria de la Cumbia Lounge,Charanga Cakewalk,285688,87
Chispas,Loteria de la Cumbia Lounge,Charanga Cakewalk,213538,86
Come,Lemon Jelly.ky,Lemon Jelly,509000,135
Cumulus,Cumulus,Imogen Heap,284000,1
D Song,Dial &#39;M&#39; for Monkey,Bonobo,319000,76
Desert Sky Groove,Interstate &#39;76 Soundtrack,Bullmark,148538,61
Destination Vertical,Unsolved Remained,Masha Qrella,357000,145
Don&#39;t You Know,SB2,Gramatik,292000,138
Drinkee,Soft Animals,Sofi Tukker,299000,64
Dungeon Sound,SB3,Gramatik,232000,34
"Easy, Bruno, Easy",The Triplets of Belleville,Ben Charest,175318,28
Ecstasy,DDR Max Soundtrack,d-compleX,103636,149
El Toro,Black Sands,Bonobo,223314,40
Eyesdown,Black Sands,Bonobo feat. Andreya Triana,324792,39
Face to Face,Discovery,Daft Punk,240000,142
Flipside,Last Splash,The Breeders,118976,49
Flutter,Dial &#39;M&#39; for Monkey,Bonobo,284000,77
Follow Your Bliss,Cosmic Thing,The B-52&#39;s,248343,17
Fresh In My Mind,Mellowdramatic,A Forest Mighty Black,358000,108
Friday,"Beatz &amp; Pieces, Vol. 1",Gramatik,202000,106
Funky Bar 100,Beyond Good &amp; Evil,Christophe Heral,162500,92
Futterman&#39;s Rule,Ill Communication,Beastie Boys,222406,24
Get A Move On!,Keep It Unreal,Mr. Scruff,205000,19
Get Up ... Carmen,Ballroom Stories,Waldeck,243000,125
Ghosts &#39;n&#39; Stuff (Original Instrumental Mix) (feat. Rob Swire),Ghosts &#39;n&#39; Stuff (Original Instrumental Mix),Deadmau5,370000,11
Ghostwriter,Deadringer: Deluxe,RJD2,317000,81
Goldrush (Instrumental),Session 1,The Herbaliser,340000,112
Groove Holmes,Check Your Head,Beastie Boys,152646,20
Groovin&#39;,Mushroom Jazz 6,Kero One,205818,119
Harmonicas Are Shite,Maim That Tune,Fila Brazillia,391000,147
High Roller,Vegas,The Crystal Method,329740,111
Hip Hug Her,The Best Of Booker T. &amp; the MG,Booker T. &amp; the MGs,147172,45
Home Sweet Home,Beyond Good &amp; Evil,Christophe Heral,170690,88
Hyllian Suite,Beyond Good &amp; Evil,Christophe Heral,275938,89
I Can Feel It Humming,Nothing Is Real,The Flashbulb,234000,99
In 3&#39;s,Check Your Head,Beastie Boys,142584,21
Inhale Remix (Instrumental),In Rare Form,RJD2,254000,83
Jackie Go!,Kinda&#39; Kinky,Ursula 1000,274000,9
Jazz Potato,Mrs Cruff,Mr. Scruff,365000,33
Journey Inwards,Journey Inwards,LTJ Bukem,314000,150
Kiara,Black Sands,Bonobo,229294,37
Kong,Black Sands,Bonobo,236782,38
La ritournelle,Politics,Sebastien Tellier,454000,127
Latazz,Hôtel Costes - Etage 3,Funky Lowlives,450000,29
Light Pattern,Dial &#39;M&#39; for Monkey,Bonobo,312000,73
Mambuloo,... And The New Bohemian Freedom,Mo&#39; Horizons,292000,31
Maps,Maps &amp; Father King,Emancipator,262000,146
Meditation,The Best Of Booker T. &amp; the MG,Booker T. &amp; the MGs,240292,44
Megitsune,BabyMetal,BABYMETAL,247000,12
Melting Pot,The Best Of Booker T. &amp; the MG,Booker T. &amp; the MGs,494415,47
Merchants Of Novigrad,Witcher 3 OST,Percival &amp; Marcin Przybyłowicz,191111,70
Midnight Feast,Keep It Unreal,Mr. Scruff,214000,122
Moon,Mickey Mouse Operation,Little People,227000,133
Night Over Manaus,Hôtel Costes A Decade,Boozoo Bajou,380000,3
Noctuary,Dial &#39;M&#39; for Monkey,Bonobo,322000,78
Not So Blue,Apricot Morning,Quantic,306000,128
Nothing Owed,Dial &#39;M&#39; for Monkey,Bonobo,376000,72
Nova do Brasil,Ritmo Del Futura,Una Mas Trio,246000,98
Numero Deux,Numero Deux,The Dining Rooms,276000,15
Ode To The Big Sea,Channel 1 Suite / Ode To The..,The Cinematic Orchestra,339000,139
Oscar feat. Anna Clementi,Dehli 9,Tosca,320000,144
Outskirts Of Novigrad,Witcher 3 OST,Percival &amp; Marcin Przybyłowicz,364173,68
Parlay&#39;n,Interstate &#39;76 Soundtrack,Bullmark,140660,54
Pick Up,Dial &#39;M&#39; for Monkey,Bonobo,248000,71
Pimp Like Me,Interstate &#39;76 Soundtrack,Bullmark,92300,59
Portorose in July,"Beatz &amp; Pieces, Vol. 1",Gramatik,271000,100
Prelude,Black Sands,Bonobo,77974,36
Rat Salad,Paranoid,Black Sabbath,150803,35
Ready to Roll,Sleepwalking,Rae &amp; Christian,304000,137
Reggae Fusion,Interstate &#39;76 Soundtrack,Bullmark,58916,60
Relaxation Spa Treatment,The WIRED CD,Dan the Automator,204386,151
Revenge Rocco Style,Interstate &#39;76 Soundtrack,Bullmark,168350,52
Ricky&#39;s Theme,Ill Communication,Beastie Boys,223399,25
Roi,Last Splash,The Breeders,250432,48
S.O.S.,Last Splash,The Breeders,91286,50
Sabrosa,Ill Communication,Beastie Boys,209502,23
Shangrila,Lounge Orient,Enstrümantal,367000,116
Skeeter Gettin&#39; Medieval,Interstate &#39;76 Soundtrack,Bullmark,126932,51
Smoke In the Cockpit,The Acid Lounge,45 Dip,283000,136
Song For Junior,Hello Nasty,Beastie Boys,229773,26
Spineless Funk,Interstate &#39;76 Soundtrack,Bullmark,185510,56
Supermarket (Super Clemek Remix),Run Lola Run,Clemek Feat. Cle,326508,95
The 5th Exotic,The 5th Exotic,Quantic,247000,131
The Crow,Kaleidoscope,DJ Food,373000,148
The Fields Of Ard Skellig,Witcher 3 OST,Percival &amp; Marcin Przybyłowicz,190119,69
The Horse,The Best Of Booker T. &amp; the MG,Booker T. &amp; the MGs,165594,46
The Moonbounce,Koop Islands,Koop,166000,4
The T&#39;aint,Interstate &#39;76 Soundtrack,Bullmark,144638,57
The Winner,Tweekend,The Crystal Method,310310,121
The World&#39;s Green Laughter,Good Stuff,The B-52&#39;s,243334,16
Time Is the Enemy,The 5th Exotic,Quantic,223000,130
Tobago Strut,Step It Up,The Bamboos,265000,8
Track 05,Interstate &#39;76 Soundtrack,Bullmark,206258,55
Track 09,Interstate &#39;76 Soundtrack,Bullmark,119990,62
Track 11,Interstate &#39;76 Soundtrack,Bullmark,131430,63
Track 12,Interstate &#39;76 Soundtrack,Bullmark,174538,65
Track 13,Interstate &#39;76 Soundtrack,Bullmark,175760,66
Track 14,Interstate &#39;76 Soundtrack,Bullmark,57018,67
Trip Like I Do,Vegas,The Crystal Method,454239,109
True Grit,Legion Of Boom,Crystal Method,306000,97
Vapor Trail,Vegas,The Crystal Method,389740,120
Voyager,Discovery,Daft Punk,227000,140
Wayward Bob,Dial &#39;M&#39; for Monkey,Bonobo,279000,74
We Could Forever,Black Sands,Bonobo,258700,41
When It Falls,When It Falls,Zero 7,331000,126
You Wish,In A Space Outta Sound,Nightmares On Wax,210000,2
